"operator","attribute","label","note","source_url","observed_at","status","record_id","conditions"
"WOW Vegas","signup","2 SC free","5 SC total over 3 days","https://www.wowvegas.com/promo-code","2026-10-04T13:08:02.370Z","published","96d8483854cc2b8eb5c2","Available to claim after sign-up. | Day 1 provides 150,000 WOW Coins + SC 2. | Day 2 provides 50,000 WOW Coins + SC 1.5. | Day 3 provides 50,000 WOW Coins + SC 1.5."
"WOW Vegas","purchase","30 SC for $9.99","3 SC per $1. First purchase only.","https://www.wowvegas.com/promo-code","2026-10-04T13:08:02.370Z","published","866d38223c5d78d563fb","First purchase only. | Register and enter WOWBONUS2026. | Normally $29.99. | Instant coin delivery."
"WOW Vegas","daily","Variable daily reward","Fixed daily SC not established","https://help.wowvegas.com/en/articles/11969957-how-can-i-earn-free-sc-on-wow-vegas","2026-10-04T13:04:15.376Z","published","0a596e62701b9a13105f","Log in to your WOW Vegas account. | Check the Daily Drops section from the homepage or promotions page. | The reward is described as a surprise reward."
"WOW Vegas","redemption","Up to 3 business days","Processing; Rising-Silver tiers","https://help.wowvegas.com/en/articles/10676690-how-long-does-a-redemption-take","2026-10-04T13:14:47.210Z","published","01494317226c63cca182","Requests are processed during business hours, subject to the page's submission timing rules."
"WOW Vegas","cash","50 SC","Cash redemption minimum.","https://help.wowvegas.com/en/articles/10676686-how-do-i-redeem","2026-10-04T13:13:37.556Z","published","657702ec5c98f533df6d","Blue WOW Coins cannot be redeemed, as they have no monetary value."
"WOW Vegas","gift","20 SC","Gift-card redemption minimum.","https://help.wowvegas.com/en/articles/10676686-how-do-i-redeem","2026-10-04T13:13:37.556Z","published","487a40e7af2b0419c5f2","Blue WOW Coins cannot be redeemed, as they have no monetary value."
"Spree","signup","2.5 SC free","On signup; no purchase","https://spree.com/","2026-10-04T13:04:48.120Z","published","7c2184f794f2da1fa0af","For every new player. | Sign up and click claim."
"Spree","purchase","30 SC for $9.99","3 SC per $1. First purchase only.","https://spree.com/","2026-10-04T13:04:48.120Z","published","4853d98a2e22731b73b8","First purchase. | The 30 free SC and 30,000 GC are stated as available right away. | Advertises an instant 200% Boost."
"Spree","daily","0.3 SC daily","No purchase required","https://spree.com/","2026-10-04T13:04:48.120Z","published","f5cc21bf1266e0f25e6a","Claim every 24 hours. | Click the ‘Claim Daily Coins’ button. | No purchase is required."
"Spree","redemption","Typically 10 days (type unspecified)","Delivery after approval; standard tier","https://spree.com/blog/guides/how-to-earn-and-redeem-spree-coins","2026-10-04T13:16:58.211Z","published","2394195b6e6e7ef726a8","Typically takes around 10 days. | Redemption time is not always the same and may be quicker sometimes."
"Spree","cash","100 SC","Cash redemption minimum.","https://spree.com/sweepstakes-rules","2026-10-04T13:08:34.800Z","published","1ac9d855455f4673c13d","Must accumulate and maintain the qualifying Spree Coins associated with the User Account. | Claim follows redemption method steps while logged in."
"Spree","gift","10 SC","Gift-card redemption minimum.","https://spree.com/sweepstakes-rules","2026-10-04T13:08:34.800Z","published","f4c8446094e83bcd7b9a","Must accumulate and maintain the qualifying Spree Coins associated with the User Account. | Claim follows redemption method steps while logged in."
"YAY Casino","signup","1 SC free","Up to 12 SC with 7-day tasks","https://www.yaycasino.com/promotions/promo/social-casino-sign-up-promotion","2026-10-04T13:13:02.675Z","published","d052be5da795c5514bb6","New players only. | The immediate registration step awards 5,000 GC + 1 SC. | Phone and email/SMS opt-ins, the first daily-bonus claim, and the new-player spin challenge are separate steps. | Complete 150 spins in SC mode within the first 7 days to unlock the additional 80,000 GC + 8 SC. | Includes 20 free spins on Yay Devil Fire 2, stated at 0.1 SC/spin."
"YAY Casino","purchase","18 SC for $4.99","3.61 SC per $1. First purchase only.","https://www.yaycasino.com/blog/yay-casino-valentines-day-offers-2026-20-free-spins-sc-8-bonus/","2026-09-29T06:48:08.019Z","retained","8d6665039bd70d447c3d","Listed in the First-Time Deposit (FTD) Valentine’s Bonus Offers table. | Best For: Balanced Play."
"YAY Casino","daily","1 SC daily","No purchase required","https://www.yaycasino.com/blog/social-casino-promotions/page/2/","2026-09-29T06:52:13.081Z","retained","e90af95ef17493d68d26","Described as logging into Yay Casino daily and collecting 1 free Sweeps Coin. | The listing describes a 7-day game plan."
"YAY Casino","redemption","1-3 days (type unspecified)","Request to receipt; virtual card","https://www.yaycasino.com/blog/how-to-redeem-your-sweeps-coins-at-yay-casino-2026-guide/","2026-10-04T13:06:58.429Z","published","30da66c54db79062b652","The guide calls Visa Virtual Card the fastest fiat option."
"YAY Casino","cash","50 SC","Cash redemption minimum.","https://www.yaycasino.com/blog/understanding-sweeps-coins-your-complete-guide-to-free-sweeps-coins-no-deposit/","2026-09-22T09:26:28.942Z","retained","8de0d08ea87bff367c11","A 1x playthrough requirement must be completed. | KYC verification is required before the first redemption."
"YAY Casino","minimum","50 SC","General redemption minimum; cash method not established.","https://www.yaycasino.com/api/Document/ContentPage/sweeps-rules.pdf","2026-10-04T13:10:09.175Z","published","73bbe9fbf74875531694",""
"McLuck","signup","2.5 SC free","On signup; no purchase","https://www.mcluck.com/promotions","2026-10-04T13:08:15.515Z","published","c9e4f86239439eeb7b4b","Register now to claim the welcome reward. | The reward is described as an exclusive sign-up reward."
"McLuck","purchase","25 SC for $9.99","2.5 SC per $1. First package in a three-purchase welcome offer.","https://blog.mcluck.com/promo-codes/","2026-09-29T06:54:04.327Z","retained","55dce7d37aa1533c3cac","First Purchase Offer. | Includes a Free Lucky Wheel Spin. | The promo code unlocks rewards across the first three purchases."
"McLuck","daily","Daily login reward","Amount not stated","https://www.mcluck.com/promotions","2026-10-04T13:08:15.515Z","published","5917b5472c81cb452384","Log in daily to claim rewards. | Reward amounts and coin types are not stated."
"McLuck","redemption","3-5 business days","Processing; cash","https://blog.mcluck.com/faq/minimum-redemption-amount/","2026-10-04T13:11:26.592Z","published","5135de20fa6b44b53088","Processing times are estimates and may vary."
"McLuck","cash","75 SC","Cash redemption minimum.","https://blog.mcluck.com/faq/minimum-redemption-amount/","2026-10-04T13:11:26.592Z","published","3b5add7afc553068f669","Cash and gift card prizes have separate minimum redemption requirements. | A Sweepstakes Coin becomes qualifying once it has been used at least once in a Sweepstakes Game."
"McLuck","gift","10 SC","Gift-card redemption minimum.","https://blog.mcluck.com/faq/minimum-redemption-amount/","2026-10-04T13:11:26.592Z","published","2d9e3d21899ff4467f79","Cash and gift card prizes have separate minimum redemption requirements. | A Sweepstakes Coin becomes qualifying once it has been used at least once in a Sweepstakes Game."
"Chumba Casino","signup","2 SC free","On signup; no purchase","https://www.chumbacasino.com/promotions","2026-09-22T06:39:06.245Z","retained","d8c68475709e46c12e14","Sign up to claim the peachy welcome offer. | The displayed offer is ""GC 2,000,000 + SC 2**""."
"Chumba Casino","purchase","30 SC for $10","3 SC per $1. First purchase only.","https://www.chumbacasino.com/","2026-10-04T13:03:44.167Z","published","efad8364216bb2ae79e3","Exclusive first-time offer. | Includes GC10M for $10 plus FREE SC30."
"Chumba Casino","daily","Daily login reward","Amount not stated","https://www.chumbacasino.com/promotions","2026-10-04T13:07:38.635Z","published","338c6199acd1287a682c","Log in daily to claim your bonus."
"Chumba Casino","cash","100 SC","Cash redemption minimum.","https://help.chumbacasino.com/article/What-you-need-to-know-to-redeem-your-prize","2026-10-04T13:10:42.578Z","published","71dd3d981f2a34fedc7f","If it is your first time to redeem, you need to re-verify your phone number. | Identity verification and banking-information validation are required to redeem prizes."
"Chumba Casino","gift","10 SC","Gift-card redemption minimum.","https://help.chumbacasino.com/article/What-you-need-to-know-to-redeem-your-prize","2026-10-04T13:10:42.578Z","published","4594baf7502b8e59b606","If it is your first time to redeem, you need to re-verify your phone number. | Identity verification and banking-information validation are required to redeem prizes."
"Zula Casino","signup","2 SC free","10 SC total in stages; opt-in needed for full reward","https://www.zulacasino.com/promotions/promo/zula-casino-sign-up-promotion","2026-10-04T13:11:52.758Z","published","c77e328fcad02dc5825a","New players must create an account with name, address, email, and password. | The immediate registration allocation is 20,000 GC and 2 SC. | The stated 10 SC / 120,000 GC total also requires phone verification, email consent, SMS consent, daily login, Facebook, and Google actions. | The offer is available only to new players who consent to receive communications."
"Zula Casino","daily","Daily login reward","Amount not stated","https://www.zulacasino.com/promotions/promo/daily-login-bonus","2026-10-04T13:05:22.751Z","published","68dbe85b53e61313396f","Eligible registered players log into their Zula Casino account daily. | The bonus is available right after registration and must be claimed in the Zula Casino Coin Store. | It can be claimed once per day. | The published page states GC + SC but does not specify amounts."
"Zula Casino","cash","50 SC","Cash redemption minimum.","https://www.zulacasino.com/api/Document/ContentPage/sweeps-rules.pdf","2026-10-04T13:09:01.524Z","published","0e7c8f1415f1d200811a","The rules reserve the right to require use of the same payment method used to purchase Gold Coins."
"Zonko","purchase","65 SC for $20","3.25 SC per $1. First purchase only.","https://www.zonko.com/promotions/","2026-10-04T13:13:09.510Z","published","ad7194ecae18dcdeef46","Requires a first purchase of $20. | Includes a spin of the Welcome Wheel for more FREE SC rewards. | Described as a Limited Time Offer."
"Zonko","daily","Variable daily reward","Fixed daily SC not established","https://www.zonko.com/promotions/daily-bonus/","2026-10-04T13:03:18.367Z","published","c09282ed51732e95a745","Log in every day. | Claim through Bonuses from the menu, then Daily Bonus. | Rewards become better with additional login days and include other surprises."
"Zonko","redemption","Up to 3 business days","Approval; standard tier","https://www.zonko.com/help/play-rules/","2026-09-22T06:38:54.039Z","retained","838b977c3dbc1bf74f99","Subject to necessary verification and account security checks. | May vary depending on verification requirements."
"Zonko","cash","100 SC","Cash redemption minimum.","https://www.zonko.com/help/play-rules/","2026-09-22T06:38:54.039Z","retained","df58565f84965a772e5f","Entrants must accumulate and maintain qualifying Sweepstakes Coins associated with their User Account. | Cash Prize corresponds to $1.00 USD for each qualifying Sweepstakes Coin the user chooses to redeem."
"Crown Coins","signup","2 SC free","On signup; no purchase","https://help.crowncoinscasino.com/en/articles/9183356-is-there-a-welcome-bonus-available-when-signing-up","2026-10-04T13:13:56.539Z","published","c39fb802196720c52cec","Available when registering a new account and claiming the welcome bonus. | No initial purchase is needed."
"Crown Coins","daily","Daily login reward","Amount not stated","https://help.crowncoinscasino.com/en/articles/9183348-how-to-check-my-daily-bonus-status","2026-10-04T13:04:54.490Z","published","c4f062946c04938d4309","Log in, select Rewards, then Daily Bonus in the Crown Lounge to view and claim the available daily reward."
"Crown Coins","redemption","24-72 hours","Approval; method varies","https://help.crowncoinscasino.com/en/articles/11835859-redemption-faqs","2026-10-04T13:08:41.204Z","published","a08c3194c43134358dd9","In some cases, approval may take up to 7 days."
"Crown Coins","minimum","50 SC","General redemption minimum; cash method not established.","https://help.crowncoinscasino.com/en/articles/12076052-how-do-i-redeem-my-winnings-on-crowncoins-and-address-common-redemption-issues","2026-10-04T13:11:32.912Z","published","b9abf5620b43022b330a","Before submitting a redemption request, the account must be fully verified, required verification completed, and the account must be primary and not duplicate. | Redemptions from duplicate or unverified accounts are not eligible for processing."
"Sportzino","signup","2 SC free","Up to 7 SC with tasks","https://sportzino.com/promotions/promo/sign-up-promotion","2026-10-04T13:12:05.764Z","published","305e03998ad7592155f6","Required steps earn 50,000 GC + 2 SC right away. | Optional tasks such as Facebook or Google connection and the first daily login bonus are needed to unlock the stated full 170,000 GC + 7 SC."
"Sportzino","daily","Increasing daily reward","Fixed daily SC not established","https://sportzino.com/promotions/promo/daily-login-bonus","2026-10-04T13:05:36.459Z","published","a58b07ce060bcecdb274","Day 1 reward is stated as GC 20,000 + 1 SC. | Claim window is every 24 hours. | Streak goal is 7 days."
"Sportzino","minimum","50 SC","General redemption minimum; cash method not established.","https://sportzino.com/api/Document/ContentPage/sweeps-rules.pdf","2026-10-04T13:09:07.706Z","published","e8b3f1b1c8130b052c7f",""
"Modo","daily","Daily login reward","Amount not stated","https://modo.us/promo-rules.pdf","2026-10-04T13:11:39.192Z","published","d5578914490a299a5f5e","Specific number of free Sweepstakes Coins may vary by day and is displayed on the Platform. | Requires signing into an eligible User Account and clicking “Claim” in the Daily Logon Reward pop-up. | Can be claimed once per day; the daily clock resets at midnight ET."
"Modo","redemption","Up to 24 hours","Processing; standard tier","https://support.modo.us/en_us/how-long-does-sc-redemption-processing-take-HJqtAiElzg","2026-10-04T13:14:12.429Z","published","d547a2091e0e674ef460","After Modo processing, timing depends on the bank."
"Modo","cash","50 SC","Cash redemption minimum.","https://modo.us/promo-rules.pdf","2026-10-04T13:11:39.192Z","published","bb02f5dae36fa330d6a3","Applies unless otherwise displayed on the Platform."
"Modo","gift","20 SC","Gift-card redemption minimum.","https://modo.us/promo-rules.pdf","2026-10-04T13:11:39.192Z","published","d4aca35b9e3f858e4fed","Applies unless otherwise displayed on the Platform."
"Rolling Riches","daily","Daily login reward","Amount not stated","https://s3.us-west-1.amazonaws.com/aws.rollingriches.com/rollingriches/PDFs/Rolling+Riches+Terms+and+Conditions+FINAL+1-19+Paysafe.pdf","2026-10-04T13:14:32.816Z","published","441334ba10217daf1c4e","Sweepstakes Coins cannot be purchased. | Rolling Riches may give Sweepstakes Coins to a Player as a bonus when logging on to the Platform once every six hours."
"Rolling Riches","redemption","Up to 10 business days","Request to receipt; bank","https://s3.us-west-1.amazonaws.com/aws.rollingriches.com/rollingriches/PDFs/Rolling+Riches+Terms+and+Conditions+FINAL+1-19+Paysafe.pdf","2026-10-04T13:14:32.816Z","published","b22ea54d1b97ddb283fd","Delays may occur because of identity verification processes and Payment Mediums requiring additional verification. | Redemptions over ten thousand dollars may take longer because of bank security clearance, additional scrutiny, and mandatory fraud checks; transaction details may add 7-10 days to the usual payment processing period."
"Rolling Riches","cash","100 SC","Cash redemption minimum.","https://s3.us-west-1.amazonaws.com/aws.rollingriches.com/rollingriches/PDFs/Rolling+Riches+Terms+and+Conditions+FINAL+1-19+Paysafe.pdf","2026-10-03T06:46:26.573Z","retained","a38b6b0b34448294937e","Rolling Riches reserves the right to adjust the minimum redemption threshold and charge Prize redemption processing fees."
"Rolling Riches","minimum","100 SC","General redemption minimum; cash method not established.","https://rollingricheshelp.zendesk.com/hc/en-us/articles/20922084007949-What-is-the-minimum-amount-of-Sweepstake-Coins-I-can-redeem-for-a-prize","2026-10-04T13:06:00.372Z","published","453f3d144dc046c45f90","To initiate a redemption, the balance must be 100 Sweepstakes Coins and the coins must have been played through at least once."
"Lucky Bunny","purchase","25% extra coins for $15.99","See purchase and claim conditions","https://luckybunny.fun/","2026-10-04T13:02:50.587Z","published","892ca9def8ea8c3cca02","Displayed package contents: 200,000 and 20 free. | Displayed prices: $20 and $15.99. | Advertised as 25% MORE."
"Lucky Bunny","daily","Daily login reward","Amount not stated","https://luckybunny.fun/page/sweepstake-rules/","2026-10-03T06:49:25.219Z","retained","55437c4d929aa5117046","A predetermined amount of free Sweep Coins may be available for logging into the Platform each day."
"Lucky Bunny","redemption","Up to 5 business days","Delivery after approval; cash","https://luckybunny.fun/page/sweepstake-rules/","2026-10-03T06:49:25.219Z","retained","2828f4356d5c64312e93","Prizes are delivered at no cost to the participant, excluding fees charged by the participant's bank or payment processor for receiving funds."
"Lucky Bunny","cash","100 SC","Cash redemption minimum.","https://luckybunny.fun/page/sweepstake-rules/","2026-10-03T06:49:25.219Z","retained","bb789466f4139affe3bf","Applies once the participant accumulates the minimum of hundred (100) redeemable Sweep Coins."
"High 5 Casino","signup","200 Spins for $9.99","Purchase required","https://high5casino.com/promotions/sign-up-bonus/","2026-10-04T13:14:40.512Z","published","64e892f0219f78145bd1","Upon registration | 200 Spins On Billionaire’s Bank"
"High 5 Casino","daily","Daily login reward","Amount not stated","https://high5casino.com/promotions/daily-bonus/","2026-10-04T13:06:06.928Z","published","6e8af66138c839450359","Log in each day | claim your FREE Sweeps Coins"
"High 5 Casino","redemption","3-5 business days","Delivery after approval; bank","https://high5casino.com/helpcenter/how-to-redeem-real-prizes/","2026-10-04T13:09:41.225Z","published","540e75a0d3b8632afade","Approved redemptions typically arrive"
"High 5 Casino","gift","50 SC","Gift-card redemption minimum.","https://high5casino.com/helpcenter/how-to-redeem-real-prizes/","2026-10-04T13:09:41.225Z","published","4257e4e82b5753bd6ff7","Available to verified users | Sent via email"
"High 5 Casino","minimum","100 SC","General redemption minimum; cash method not established.","https://high5casino.com/helpcenter/how-to-redeem-real-prizes/","2026-10-04T13:09:41.225Z","published","6768426f5b8673c3f17d","Enter the amount of SC you want to redeem"
"Chanced","daily","Daily login reward","Amount not stated","https://chanced.com/sweeps-rules/","2026-10-04T13:12:47.653Z","published","2c211aa7ca724c532846","Sign into your Customer Account, click ""store"", then ""daily boost"", and click the ""claim"" button. | Can only claim a Daily Bonus once per day; the clock resets every 24 hours."
"Chanced","minimum","100 SC","General redemption minimum; cash method not established.","https://chanced.com/sweeps-rules/","2026-10-04T13:12:47.653Z","published","5bb5cc63bd1fd3283d5f","Sponsor/Promoter will only process a prize redemption if the redeemed value is US$100 or more."
"Chanced","minimum","100 USD","Method unspecified minimum; see conditions","https://chanced.com/sweeps-rules/","2026-10-04T13:12:47.653Z","published","5737cba2100bc8f1d576","Amounts below the threshold are not eligible for prize redemption."
"Dorados","daily","Daily login reward","Amount not stated","https://dorados.com/en/","2026-10-04T13:03:11.776Z","published","b5028bc3230c742f6de5","Participants can log in daily and collect what is available. | The page also describes giveaways and alternative entry methods."
"Dorados","redemption","Up to 10 business days","Processing; method unspecified","https://dorados.com/en/sweepstakes-rules","2026-10-04T13:07:12.994Z","published","9b2de7f1399dcb61706d","The operator may fulfill the Prize redemption through multiple payments over several days rather than in one transaction."
"Dorados","minimum","100 SC","General redemption minimum; cash method not established.","https://dorados.com/en/sweepstakes-rules","2026-10-04T13:07:12.994Z","published","a7ea4226fb19f83343f1","Amounts below the threshold are not eligible for redemption."
"LuckyLand Casino","signup","2 SC total + 777,000 Gold Coins","Purchase requirement unconfirmed","https://luckylandcasino.com/","2026-10-04T13:09:20.934Z","published","d96425964f7ff7ddd921","Claim the exclusive welcome offer."
"LuckyLand Casino","daily","Daily login reward","Amount not stated","https://luckylandcasino.com/","2026-10-04T13:09:20.934Z","published","0bf1c1dba99ce6054065","Claim is described as a free daily login bonus. | The page says the next bonus is available ""just a log in away."""
"Fortune Wins","signup","5,700 FC","Purchase requirement unconfirmed. Advertised maximum; conditions apply","https://fortunewins.com/promotions/promo/sign-up-bonus","2026-10-04T13:10:02.996Z","published","e58ffd5800c90d4ed49c","Day 1 total is 700,000 GC + 5,700 FC after Phone Verification, Email Consent, a first-day Daily Login Bonus claim, and Wheel of Luck. | The stated first-week total is 3,000,000 GC + 7,700 FC and includes Day 1 bonuses. | From Day 2 through Day 7, claim the Daily Login Bonus daily; referral reward is 60,000 GC + 100 FC per friend for up to 5 friends."
"Fortune Wins","daily","Increasing daily reward","Fixed daily SC not established","https://fortunewins.com/promotions/promo/daily-bonus","2026-10-04T13:06:27.087Z","published","42ec7400fb4736816118","Log in to FortuneWins.com, open the Coin Store using the Get Coins icon, and claim the bonus in the Free Rewards section. | A different free bonus is available each day during a 7-consecutive-day streak; completing all 7 days provides a grand final bonus. | Missing a day resets progress."
"Jackpota","signup","7,500 Gold Coins","No purchase required; see claim conditions","https://www.jackpota.com/","2026-10-04T13:02:29.918Z","published","a7764a3d914a3fb90b27","The popup says to create an account and sign up within the displayed countdown."
"Jackpota","daily","Daily login reward","Amount not stated","https://www.jackpota.com/","2026-10-04T13:02:29.918Z","published","689a83315d4a301ab7cd","Daily free spins are advertised; the number of spins and claim interval are not stated."
"Pulsz","signup","5,000 Gold Coins","No purchase required; see claim conditions","https://www.pulsz.com/","2026-10-04T13:07:50.188Z","published","04b39f74c8ae5fa39318","Start playing with Pulsz. | Additional Gold Coins may be available via regular competitions, daily login bonuses and giveaways."
"Pulsz","daily","Daily login reward","Amount not stated","https://www.pulsz.com/","2026-10-04T13:07:50.188Z","published","99b163a9a3657b96459f","Daily Coin Rewards are advertised. | The page describes over 1000 free casino-style games."
"Stake.us","daily","Daily login reward","Amount not stated","https://stake.us/policies/terms","2026-10-04T13:13:30.403Z","published","f404dd05198a6fd6de73","Claim Stake Cash once per day by logging into the Customer Account and claiming the daily bonus. | The amount is not stated in this passage. | Stake Cash can only be used to play Promotional Play Games."

